term,estimate,std.error,statistic,p.value,importance
(Intercept),1.795220229307288,0.2110733960859814,8.505194224363546,1.7675978243872946e-14,0.23345406478241149
freedom,1.4548323690684655,0.37533784114751845,3.8760610031235165,1.5868928947946291e-4,0.18918933988790468
social_support,1.1241915786981527,0.2369000738673796,4.745425192765,4.833806697629899e-6,0.14619214364719418
health,1.078142734981556,0.33453848340124764,3.2227764172901585,0.001559603831031949,0.1402038589962811
corruption,0.972280221352337,0.5423607289929623,1.7926818248025356,0.0750525920049918,0.12643728389236705
gdp,0.7753716263004994,0.2182253543869312,3.5530776360921967,5.103022051614241e-4,0.10083089245637973
generosity,0.4897833514659278,0.49774547719149753,0.9840036201423755,0.32670886186432113,0.06369241633746173
